,Accuracy,Precision,Recall,F1-score
SVM,0.3210412147505423,0.3189275815548961,0.3210412147505423,0.3193599516160316
