subject,routed_to,holdout_accuracy,saved_cv,method
A01,A01,0.8448275862068966,0.7931034482758621,FBCSP+LDA
A02,A02,0.7241379310344828,0.6724137931034483,FBCSP+LDA
A03,A03,0.9137931034482759,0.8793103448275862,CSP+SVM
A04,A04,0.603448275862069,0.5862068965517241,FBCSP+LDA
A05,A05,0.8275862068965517,0.7758620689655172,FBCSP+LDA
A06,A06,0.5689655172413793,0.5,FBCSP+LDA
A07,A07,0.7931034482758621,0.8103448275862069,FBCSP+LDA
A08,A08,0.9310344827586207,0.896551724137931,CSP+SVM
A09,A09,0.7068965517241379,0.6896551724137931,CSP+SVM
